<beans xmlns="http://www.springframework.org/schema/beans"
	xmlns:xsi="http://www.w3.org/2001/XMLSchema-instance" xmlns:mvc="http://www.springframework.org/schema/mvc"
	xmlns:context="http://www.springframework.org/schema/context" xmlns:p="http://www.springframework.org/schema/p"
	xsi:schemaLocation="http://www.springframework.org/schema/beans http://www.springframework.org/schema/beans/spring-beans.xsd
		http://www.springframework.org/schema/mvc http://www.springframework.org/schema/mvc/spring-mvc-4.1.xsd
		http://www.springframework.org/schema/context http://www.springframework.org/schema/context/spring-context.xsd">
    <mvc:default-servlet-handler/>
    <mvc:annotation-driven />
	<context:component-scan base-package="com.personal.demos" />
	<!-- <bean id="Empinfo" class="com.personal.demos.EmpInfo"></bean>-->
	<bean id="EmpinfoImpl" class="com.personal.demos.EmpInfoImpl"></bean>		
	<!-- <context:property-placeholder
		location="WEB-INF/webdb.properties" />-->
	<!-- JDBC Config -->
   <bean id="dataSource" class="org.springframework.jdbc.datasource.DriverManagerDataSource">
        <property name="driverClassName" value="oracle.jdbc.driver.OracleDriver" />
        <property name="url" value="jdbc:oracle:thin:@ibsdb-dev.genpt.net:1521:IBSDEV" />
        <property name="username" value="ibsods"/>
        <property name="password" value="Ibs_0ds!"/>
    </bean>    
</beans>